question_id,poll_id,cycle,state,pollster_id,pollster,sponsor_ids,sponsors,display_name,pollster_rating_id,pollster_rating_name,fte_grade,sample_size,population,population_full,methodology,office_type,start_date,end_date,sponsor_candidate,internal,partisan,tracking,nationwide_batch,created_at_x,notes,url,stage,party,answer,candidate_id,candidate_name,pct,days_until_primary,created_at_y,rnk,mapped_candidate
116485,63426,2020,Iowa,1102,Emerson College,43,7News,Emerson College,88.0,Emerson College,A-,853,lv,lv-d,IVR/Online/Text,U.S. President,1/30/20,2/2/20,,False,,False,False,2020-02-02 18:01:00,,http://emersonpolling.com/2020/02/02/iowa-2020-sanders-on-top-going-into-caucus-night/,primary,DEM,Biden,13256,Joseph R. Biden Jr.,21.0,1,2020-02-02 18:01:00,1.0,Biden
116485,63426,2020,Iowa,1102,Emerson College,43,7News,Emerson College,88.0,Emerson College,A-,853,lv,lv-d,IVR/Online/Text,U.S. President,1/30/20,2/2/20,,False,,False,False,2020-02-02 18:01:00,,http://emersonpolling.com/2020/02/02/iowa-2020-sanders-on-top-going-into-caucus-night/,primary,DEM,Sanders,13257,Bernard Sanders,27.5,1,2020-02-02 18:01:00,1.0,Sanders
116485,63426,2020,Iowa,1102,Emerson College,43,7News,Emerson College,88.0,Emerson College,A-,853,lv,lv-d,IVR/Online/Text,U.S. President,1/30/20,2/2/20,,False,,False,False,2020-02-02 18:01:00,,http://emersonpolling.com/2020/02/02/iowa-2020-sanders-on-top-going-into-caucus-night/,primary,DEM,Warren,13258,Elizabeth Warren,13.5,1,2020-02-02 18:01:00,1.0,Warren
116485,63426,2020,Iowa,1102,Emerson College,43,7News,Emerson College,88.0,Emerson College,A-,853,lv,lv-d,IVR/Online/Text,U.S. President,1/30/20,2/2/20,,False,,False,False,2020-02-02 18:01:00,,http://emersonpolling.com/2020/02/02/iowa-2020-sanders-on-top-going-into-caucus-night/,primary,DEM,Buttigieg,13345,Pete Buttigieg,14.5,1,2020-02-02 18:01:00,1.0,Buttigieg
116485,63426,2020,Iowa,1102,Emerson College,43,7News,Emerson College,88.0,Emerson College,A-,853,lv,lv-d,IVR/Online/Text,U.S. President,1/30/20,2/2/20,,False,,False,False,2020-02-02 18:01:00,,http://emersonpolling.com/2020/02/02/iowa-2020-sanders-on-top-going-into-caucus-night/,primary,DEM,Yang,13329,Andrew Yang,4.7,1,2020-02-02 18:01:00,1.0,Yang
116485,63426,2020,Iowa,1102,Emerson College,43,7News,Emerson College,88.0,Emerson College,A-,853,lv,lv-d,IVR/Online/Text,U.S. President,1/30/20,2/2/20,,False,,False,False,2020-02-02 18:01:00,,http://emersonpolling.com/2020/02/02/iowa-2020-sanders-on-top-going-into-caucus-night/,primary,DEM,Klobuchar,13310,Amy Klobuchar,10.8,1,2020-02-02 18:01:00,1.0,Klobuchar
116485,63426,2020,Iowa,1102,Emerson College,43,7News,Emerson College,88.0,Emerson College,A-,853,lv,lv-d,IVR/Online/Text,U.S. President,1/30/20,2/2/20,,False,,False,False,2020-02-02 18:01:00,,http://emersonpolling.com/2020/02/02/iowa-2020-sanders-on-top-going-into-caucus-night/,primary,DEM,Gabbard,13343,Tulsi Gabbard,0.9,1,2020-02-02 18:01:00,1.0,Gabbard
116485,63426,2020,Iowa,1102,Emerson College,43,7News,Emerson College,88.0,Emerson College,A-,853,lv,lv-d,IVR/Online/Text,U.S. President,1/30/20,2/2/20,,False,,False,False,2020-02-02 18:01:00,,http://emersonpolling.com/2020/02/02/iowa-2020-sanders-on-top-going-into-caucus-night/,primary,DEM,Steyer,13327,Tom Steyer,4.3,1,2020-02-02 18:01:00,1.0,Steyer
116485,63426,2020,Iowa,1102,Emerson College,43,7News,Emerson College,88.0,Emerson College,A-,853,lv,lv-d,IVR/Online/Text,U.S. President,1/30/20,2/2/20,,False,,False,False,2020-02-02 18:01:00,,http://emersonpolling.com/2020/02/02/iowa-2020-sanders-on-top-going-into-caucus-night/,primary,DEM,Patrick,13315,Deval Patrick,0.1,1,2020-02-02 18:01:00,1.0,Patrick
116485,63426,2020,Iowa,1102,Emerson College,43,7News,Emerson College,88.0,Emerson College,A-,853,lv,lv-d,IVR/Online/Text,U.S. President,1/30/20,2/2/20,,False,,False,False,2020-02-02 18:01:00,,http://emersonpolling.com/2020/02/02/iowa-2020-sanders-on-top-going-into-caucus-night/,primary,DEM,Bennet,13352,Michael F. Bennet,0.8,1,2020-02-02 18:01:00,1.0,Bennet
116499,63428,2020,Iowa,1515,Data for Progress,,,Data for Progress,522.0,Data for Progress,B/C,2394,lv,lv-d,Text,U.S. President,1/28/20,2/2/20,,False,,False,False,2020-02-02 22:15:00,,http://filesforprogress.org/datasets/2020/2/ia_caucus.pdf,primary,DEM,Buttigieg,13345,Pete Buttigieg,18.0,1,2020-02-02 22:15:00,1.0,Buttigieg
116499,63428,2020,Iowa,1515,Data for Progress,,,Data for Progress,522.0,Data for Progress,B/C,2394,lv,lv-d,Text,U.S. President,1/28/20,2/2/20,,False,,False,False,2020-02-02 22:15:00,,http://filesforprogress.org/datasets/2020/2/ia_caucus.pdf,primary,DEM,Klobuchar,13310,Amy Klobuchar,9.0,1,2020-02-02 22:15:00,1.0,Klobuchar
116499,63428,2020,Iowa,1515,Data for Progress,,,Data for Progress,522.0,Data for Progress,B/C,2394,lv,lv-d,Text,U.S. President,1/28/20,2/2/20,,False,,False,False,2020-02-02 22:15:00,,http://filesforprogress.org/datasets/2020/2/ia_caucus.pdf,primary,DEM,Biden,13256,Joseph R. Biden Jr.,18.0,1,2020-02-02 22:15:00,1.0,Biden
116499,63428,2020,Iowa,1515,Data for Progress,,,Data for Progress,522.0,Data for Progress,B/C,2394,lv,lv-d,Text,U.S. President,1/28/20,2/2/20,,False,,False,False,2020-02-02 22:15:00,,http://filesforprogress.org/datasets/2020/2/ia_caucus.pdf,primary,DEM,Yang,13329,Andrew Yang,6.0,1,2020-02-02 22:15:00,1.0,Yang
116499,63428,2020,Iowa,1515,Data for Progress,,,Data for Progress,522.0,Data for Progress,B/C,2394,lv,lv-d,Text,U.S. President,1/28/20,2/2/20,,False,,False,False,2020-02-02 22:15:00,,http://filesforprogress.org/datasets/2020/2/ia_caucus.pdf,primary,DEM,Bloomberg,13289,Michael Bloomberg,2.0,1,2020-02-02 22:15:00,1.0,Bloomberg
116499,63428,2020,Iowa,1515,Data for Progress,,,Data for Progress,522.0,Data for Progress,B/C,2394,lv,lv-d,Text,U.S. President,1/28/20,2/2/20,,False,,False,False,2020-02-02 22:15:00,,http://filesforprogress.org/datasets/2020/2/ia_caucus.pdf,primary,DEM,Steyer,13327,Tom Steyer,4.0,1,2020-02-02 22:15:00,1.0,Steyer
116499,63428,2020,Iowa,1515,Data for Progress,,,Data for Progress,522.0,Data for Progress,B/C,2394,lv,lv-d,Text,U.S. President,1/28/20,2/2/20,,False,,False,False,2020-02-02 22:15:00,,http://filesforprogress.org/datasets/2020/2/ia_caucus.pdf,primary,DEM,Gabbard,13343,Tulsi Gabbard,2.0,1,2020-02-02 22:15:00,1.0,Gabbard
116499,63428,2020,Iowa,1515,Data for Progress,,,Data for Progress,522.0,Data for Progress,B/C,2394,lv,lv-d,Text,U.S. President,1/28/20,2/2/20,,False,,False,False,2020-02-02 22:15:00,,http://filesforprogress.org/datasets/2020/2/ia_caucus.pdf,primary,DEM,Warren,13258,Elizabeth Warren,19.0,1,2020-02-02 22:15:00,1.0,Warren
116499,63428,2020,Iowa,1515,Data for Progress,,,Data for Progress,522.0,Data for Progress,B/C,2394,lv,lv-d,Text,U.S. President,1/28/20,2/2/20,,False,,False,False,2020-02-02 22:15:00,,http://filesforprogress.org/datasets/2020/2/ia_caucus.pdf,primary,DEM,Sanders,13257,Bernard Sanders,22.0,1,2020-02-02 22:15:00,1.0,Sanders
116434,63413,2020,Iowa,23,American Research Group,,,American Research Group,9.0,American Research Group,B,400,lv,lv-d,Live Phone,U.S. President,1/27/20,1/30/20,,False,,False,False,2020-01-31 11:16:00,,https://americanresearchgroup.com/pres2020/primary/dem/iadem.html,primary,DEM,Bennet,13352,Michael F. Bennet,0.0,3,2020-01-31 11:16:00,1.0,Bennet
116434,63413,2020,Iowa,23,American Research Group,,,American Research Group,9.0,American Research Group,B,400,lv,lv-d,Live Phone,U.S. President,1/27/20,1/30/20,,False,,False,False,2020-01-31 11:16:00,,https://americanresearchgroup.com/pres2020/primary/dem/iadem.html,primary,DEM,Biden,13256,Joseph R. Biden Jr.,17.0,3,2020-01-31 11:16:00,1.0,Biden
116434,63413,2020,Iowa,23,American Research Group,,,American Research Group,9.0,American Research Group,B,400,lv,lv-d,Live Phone,U.S. President,1/27/20,1/30/20,,False,,False,False,2020-01-31 11:16:00,,https://americanresearchgroup.com/pres2020/primary/dem/iadem.html,primary,DEM,Bloomberg,13289,Michael Bloomberg,2.0,3,2020-01-31 11:16:00,1.0,Bloomberg
116434,63413,2020,Iowa,23,American Research Group,,,American Research Group,9.0,American Research Group,B,400,lv,lv-d,Live Phone,U.S. President,1/27/20,1/30/20,,False,,False,False,2020-01-31 11:16:00,,https://americanresearchgroup.com/pres2020/primary/dem/iadem.html,primary,DEM,Buttigieg,13345,Pete Buttigieg,9.0,3,2020-01-31 11:16:00,1.0,Buttigieg
116434,63413,2020,Iowa,23,American Research Group,,,American Research Group,9.0,American Research Group,B,400,lv,lv-d,Live Phone,U.S. President,1/27/20,1/30/20,,False,,False,False,2020-01-31 11:16:00,,https://americanresearchgroup.com/pres2020/primary/dem/iadem.html,primary,DEM,Gabbard,13343,Tulsi Gabbard,2.0,3,2020-01-31 11:16:00,1.0,Gabbard
116434,63413,2020,Iowa,23,American Research Group,,,American Research Group,9.0,American Research Group,B,400,lv,lv-d,Live Phone,U.S. President,1/27/20,1/30/20,,False,,False,False,2020-01-31 11:16:00,,https://americanresearchgroup.com/pres2020/primary/dem/iadem.html,primary,DEM,Klobuchar,13310,Amy Klobuchar,16.0,3,2020-01-31 11:16:00,1.0,Klobuchar
116434,63413,2020,Iowa,23,American Research Group,,,American Research Group,9.0,American Research Group,B,400,lv,lv-d,Live Phone,U.S. President,1/27/20,1/30/20,,False,,False,False,2020-01-31 11:16:00,,https://americanresearchgroup.com/pres2020/primary/dem/iadem.html,primary,DEM,Patrick,13315,Deval Patrick,0.0,3,2020-01-31 11:16:00,1.0,Patrick
116434,63413,2020,Iowa,23,American Research Group,,,American Research Group,9.0,American Research Group,B,400,lv,lv-d,Live Phone,U.S. President,1/27/20,1/30/20,,False,,False,False,2020-01-31 11:16:00,,https://americanresearchgroup.com/pres2020/primary/dem/iadem.html,primary,DEM,Sanders,13257,Bernard Sanders,23.0,3,2020-01-31 11:16:00,1.0,Sanders
116434,63413,2020,Iowa,23,American Research Group,,,American Research Group,9.0,American Research Group,B,400,lv,lv-d,Live Phone,U.S. President,1/27/20,1/30/20,,False,,False,False,2020-01-31 11:16:00,,https://americanresearchgroup.com/pres2020/primary/dem/iadem.html,primary,DEM,Steyer,13327,Tom Steyer,3.0,3,2020-01-31 11:16:00,1.0,Steyer
116434,63413,2020,Iowa,23,American Research Group,,,American Research Group,9.0,American Research Group,B,400,lv,lv-d,Live Phone,U.S. President,1/27/20,1/30/20,,False,,False,False,2020-01-31 11:16:00,,https://americanresearchgroup.com/pres2020/primary/dem/iadem.html,primary,DEM,Warren,13258,Elizabeth Warren,15.0,3,2020-01-31 11:16:00,1.0,Warren
116434,63413,2020,Iowa,23,American Research Group,,,American Research Group,9.0,American Research Group,B,400,lv,lv-d,Live Phone,U.S. President,1/27/20,1/30/20,,False,,False,False,2020-01-31 11:16:00,,https://americanresearchgroup.com/pres2020/primary/dem/iadem.html,primary,DEM,Yang,13329,Andrew Yang,5.0,3,2020-01-31 11:16:00,1.0,Yang
116417,63410,2020,Iowa,1519,Park Street Strategies,,,Park Street Strategies,534.0,Park Street Strategies,,600,lv,lv-d,Live Phone,U.S. President,1/24/20,1/28/20,,False,,False,False,2020-01-31 08:22:00,,https://parkstreetstrategies.com/2020-iowa-democratic-caucus-survey-full-results/,primary,DEM,Biden,13256,Joseph R. Biden Jr.,20.0,3,2020-01-31 08:22:00,1.0,Biden
116417,63410,2020,Iowa,1519,Park Street Strategies,,,Park Street Strategies,534.0,Park Street Strategies,,600,lv,lv-d,Live Phone,U.S. President,1/24/20,1/28/20,,False,,False,False,2020-01-31 08:22:00,,https://parkstreetstrategies.com/2020-iowa-democratic-caucus-survey-full-results/,primary,DEM,Sanders,13257,Bernard Sanders,18.0,3,2020-01-31 08:22:00,1.0,Sanders
116417,63410,2020,Iowa,1519,Park Street Strategies,,,Park Street Strategies,534.0,Park Street Strategies,,600,lv,lv-d,Live Phone,U.S. President,1/24/20,1/28/20,,False,,False,False,2020-01-31 08:22:00,,https://parkstreetstrategies.com/2020-iowa-democratic-caucus-survey-full-results/,primary,DEM,Buttigieg,13345,Pete Buttigieg,17.0,3,2020-01-31 08:22:00,1.0,Buttigieg
116417,63410,2020,Iowa,1519,Park Street Strategies,,,Park Street Strategies,534.0,Park Street Strategies,,600,lv,lv-d,Live Phone,U.S. President,1/24/20,1/28/20,,False,,False,False,2020-01-31 08:22:00,,https://parkstreetstrategies.com/2020-iowa-democratic-caucus-survey-full-results/,primary,DEM,Warren,13258,Elizabeth Warren,17.0,3,2020-01-31 08:22:00,1.0,Warren
116417,63410,2020,Iowa,1519,Park Street Strategies,,,Park Street Strategies,534.0,Park Street Strategies,,600,lv,lv-d,Live Phone,U.S. President,1/24/20,1/28/20,,False,,False,False,2020-01-31 08:22:00,,https://parkstreetstrategies.com/2020-iowa-democratic-caucus-survey-full-results/,primary,DEM,Klobuchar,13310,Amy Klobuchar,12.0,3,2020-01-31 08:22:00,1.0,Klobuchar
116417,63410,2020,Iowa,1519,Park Street Strategies,,,Park Street Strategies,534.0,Park Street Strategies,,600,lv,lv-d,Live Phone,U.S. President,1/24/20,1/28/20,,False,,False,False,2020-01-31 08:22:00,,https://parkstreetstrategies.com/2020-iowa-democratic-caucus-survey-full-results/,primary,DEM,Yang,13329,Andrew Yang,5.0,3,2020-01-31 08:22:00,1.0,Yang
116417,63410,2020,Iowa,1519,Park Street Strategies,,,Park Street Strategies,534.0,Park Street Strategies,,600,lv,lv-d,Live Phone,U.S. President,1/24/20,1/28/20,,False,,False,False,2020-01-31 08:22:00,,https://parkstreetstrategies.com/2020-iowa-democratic-caucus-survey-full-results/,primary,DEM,Steyer,13327,Tom Steyer,4.0,3,2020-01-31 08:22:00,1.0,Steyer
116417,63410,2020,Iowa,1519,Park Street Strategies,,,Park Street Strategies,534.0,Park Street Strategies,,600,lv,lv-d,Live Phone,U.S. President,1/24/20,1/28/20,,False,,False,False,2020-01-31 08:22:00,,https://parkstreetstrategies.com/2020-iowa-democratic-caucus-survey-full-results/,primary,DEM,Gabbard,13343,Tulsi Gabbard,1.0,3,2020-01-31 08:22:00,1.0,Gabbard
116417,63410,2020,Iowa,1519,Park Street Strategies,,,Park Street Strategies,534.0,Park Street Strategies,,600,lv,lv-d,Live Phone,U.S. President,1/24/20,1/28/20,,False,,False,False,2020-01-31 08:22:00,,https://parkstreetstrategies.com/2020-iowa-democratic-caucus-survey-full-results/,primary,DEM,Bloomberg,13289,Michael Bloomberg,0.0,3,2020-01-31 08:22:00,1.0,Bloomberg
116151,63354,2020,Iowa,458,Suffolk University,135,USA Today,Suffolk University,323.0,Suffolk University,A-,500,lv,lv-d,Live Phone,U.S. President,1/23/20,1/26/20,,False,,False,False,2020-01-26 16:48:00,,https://www.suffolk.edu/-/media/suffolk/documents/academics/research-at-suffolk/suprc/polls/other-states/2020/1_27_2020_marginals_pdftxt.pdf,primary,DEM,Biden,13256,Joseph R. Biden Jr.,25.4,8,2020-01-26 16:48:00,1.0,Biden
116151,63354,2020,Iowa,458,Suffolk University,135,USA Today,Suffolk University,323.0,Suffolk University,A-,500,lv,lv-d,Live Phone,U.S. President,1/23/20,1/26/20,,False,,False,False,2020-01-26 16:48:00,,https://www.suffolk.edu/-/media/suffolk/documents/academics/research-at-suffolk/suprc/polls/other-states/2020/1_27_2020_marginals_pdftxt.pdf,primary,DEM,Sanders,13257,Bernard Sanders,18.6,8,2020-01-26 16:48:00,1.0,Sanders
116151,63354,2020,Iowa,458,Suffolk University,135,USA Today,Suffolk University,323.0,Suffolk University,A-,500,lv,lv-d,Live Phone,U.S. President,1/23/20,1/26/20,,False,,False,False,2020-01-26 16:48:00,,https://www.suffolk.edu/-/media/suffolk/documents/academics/research-at-suffolk/suprc/polls/other-states/2020/1_27_2020_marginals_pdftxt.pdf,primary,DEM,Buttigieg,13345,Pete Buttigieg,17.6,8,2020-01-26 16:48:00,1.0,Buttigieg
116151,63354,2020,Iowa,458,Suffolk University,135,USA Today,Suffolk University,323.0,Suffolk University,A-,500,lv,lv-d,Live Phone,U.S. President,1/23/20,1/26/20,,False,,False,False,2020-01-26 16:48:00,,https://www.suffolk.edu/-/media/suffolk/documents/academics/research-at-suffolk/suprc/polls/other-states/2020/1_27_2020_marginals_pdftxt.pdf,primary,DEM,Warren,13258,Elizabeth Warren,13.2,8,2020-01-26 16:48:00,1.0,Warren
116151,63354,2020,Iowa,458,Suffolk University,135,USA Today,Suffolk University,323.0,Suffolk University,A-,500,lv,lv-d,Live Phone,U.S. President,1/23/20,1/26/20,,False,,False,False,2020-01-26 16:48:00,,https://www.suffolk.edu/-/media/suffolk/documents/academics/research-at-suffolk/suprc/polls/other-states/2020/1_27_2020_marginals_pdftxt.pdf,primary,DEM,Klobuchar,13310,Amy Klobuchar,5.6,8,2020-01-26 16:48:00,1.0,Klobuchar
116151,63354,2020,Iowa,458,Suffolk University,135,USA Today,Suffolk University,323.0,Suffolk University,A-,500,lv,lv-d,Live Phone,U.S. President,1/23/20,1/26/20,,False,,False,False,2020-01-26 16:48:00,,https://www.suffolk.edu/-/media/suffolk/documents/academics/research-at-suffolk/suprc/polls/other-states/2020/1_27_2020_marginals_pdftxt.pdf,primary,DEM,Yang,13329,Andrew Yang,3.0,8,2020-01-26 16:48:00,1.0,Yang
116151,63354,2020,Iowa,458,Suffolk University,135,USA Today,Suffolk University,323.0,Suffolk University,A-,500,lv,lv-d,Live Phone,U.S. President,1/23/20,1/26/20,,False,,False,False,2020-01-26 16:48:00,,https://www.suffolk.edu/-/media/suffolk/documents/academics/research-at-suffolk/suprc/polls/other-states/2020/1_27_2020_marginals_pdftxt.pdf,primary,DEM,Steyer,13327,Tom Steyer,2.2,8,2020-01-26 16:48:00,1.0,Steyer
116151,63354,2020,Iowa,458,Suffolk University,135,USA Today,Suffolk University,323.0,Suffolk University,A-,500,lv,lv-d,Live Phone,U.S. President,1/23/20,1/26/20,,False,,False,False,2020-01-26 16:48:00,,https://www.suffolk.edu/-/media/suffolk/documents/academics/research-at-suffolk/suprc/polls/other-states/2020/1_27_2020_marginals_pdftxt.pdf,primary,DEM,Gabbard,13343,Tulsi Gabbard,0.8,8,2020-01-26 16:48:00,1.0,Gabbard
116151,63354,2020,Iowa,458,Suffolk University,135,USA Today,Suffolk University,323.0,Suffolk University,A-,500,lv,lv-d,Live Phone,U.S. President,1/23/20,1/26/20,,False,,False,False,2020-01-26 16:48:00,,https://www.suffolk.edu/-/media/suffolk/documents/academics/research-at-suffolk/suprc/polls/other-states/2020/1_27_2020_marginals_pdftxt.pdf,primary,DEM,Bennet,13352,Michael F. Bennet,0.0,8,2020-01-26 16:48:00,1.0,Bennet
116151,63354,2020,Iowa,458,Suffolk University,135,USA Today,Suffolk University,323.0,Suffolk University,A-,500,lv,lv-d,Live Phone,U.S. President,1/23/20,1/26/20,,False,,False,False,2020-01-26 16:48:00,,https://www.suffolk.edu/-/media/suffolk/documents/academics/research-at-suffolk/suprc/polls/other-states/2020/1_27_2020_marginals_pdftxt.pdf,primary,DEM,Delaney,13314,John K. Delaney,0.0,8,2020-01-26 16:48:00,1.0,Delaney
116151,63354,2020,Iowa,458,Suffolk University,135,USA Today,Suffolk University,323.0,Suffolk University,A-,500,lv,lv-d,Live Phone,U.S. President,1/23/20,1/26/20,,False,,False,False,2020-01-26 16:48:00,,https://www.suffolk.edu/-/media/suffolk/documents/academics/research-at-suffolk/suprc/polls/other-states/2020/1_27_2020_marginals_pdftxt.pdf,primary,DEM,Patrick,13315,Deval Patrick,0.2,8,2020-01-26 16:48:00,1.0,Patrick
116100,63347,2020,Iowa,1424,Siena College/New York Times Upshot,,,Siena College/New York Times Upshot,448.0,Siena College/New York Times Upshot,A+,584,lv,lv-d,Live Phone,U.S. President,1/20/20,1/23/20,,False,,False,False,2020-01-25 05:16:00,,https://www.nytimes.com/2020/01/25/us/politics/democratic-iowa-poll-sanders.html,primary,DEM,Sanders,13257,Bernard Sanders,30.0,9,2020-01-25 05:16:00,1.0,Sanders
116100,63347,2020,Iowa,1424,Siena College/New York Times Upshot,,,Siena College/New York Times Upshot,448.0,Siena College/New York Times Upshot,A+,584,lv,lv-d,Live Phone,U.S. President,1/20/20,1/23/20,,False,,False,False,2020-01-25 05:16:00,,https://www.nytimes.com/2020/01/25/us/politics/democratic-iowa-poll-sanders.html,primary,DEM,Biden,13256,Joseph R. Biden Jr.,23.0,9,2020-01-25 05:16:00,1.0,Biden
116100,63347,2020,Iowa,1424,Siena College/New York Times Upshot,,,Siena College/New York Times Upshot,448.0,Siena College/New York Times Upshot,A+,584,lv,lv-d,Live Phone,U.S. President,1/20/20,1/23/20,,False,,False,False,2020-01-25 05:16:00,,https://www.nytimes.com/2020/01/25/us/politics/democratic-iowa-poll-sanders.html,primary,DEM,Buttigieg,13345,Pete Buttigieg,23.0,9,2020-01-25 05:16:00,1.0,Buttigieg
116100,63347,2020,Iowa,1424,Siena College/New York Times Upshot,,,Siena College/New York Times Upshot,448.0,Siena College/New York Times Upshot,A+,584,lv,lv-d,Live Phone,U.S. President,1/20/20,1/23/20,,False,,False,False,2020-01-25 05:16:00,,https://www.nytimes.com/2020/01/25/us/politics/democratic-iowa-poll-sanders.html,primary,DEM,Warren,13258,Elizabeth Warren,19.0,9,2020-01-25 05:16:00,1.0,Warren
116268,63384,2020,Iowa,1527,Morningside College,,,Morningside College,536.0,Morningside College,,253,lv,lv-d,Live Phone,U.S. President,1/17/20,1/23/20,,False,,False,False,2020-01-29 06:14:00,,https://www.morningside.edu/assets/uploads/campus_life_and_arts_student_life/civic_engagement/2020-Morningside-Poll_Summary-of-Results.pdf,primary,DEM,Bennet,13352,Michael F. Bennet,1.0,5,2020-01-29 06:14:00,1.0,Bennet
116268,63384,2020,Iowa,1527,Morningside College,,,Morningside College,536.0,Morningside College,,253,lv,lv-d,Live Phone,U.S. President,1/17/20,1/23/20,,False,,False,False,2020-01-29 06:14:00,,https://www.morningside.edu/assets/uploads/campus_life_and_arts_student_life/civic_engagement/2020-Morningside-Poll_Summary-of-Results.pdf,primary,DEM,Biden,13256,Joseph R. Biden Jr.,19.0,5,2020-01-29 06:14:00,1.0,Biden
116268,63384,2020,Iowa,1527,Morningside College,,,Morningside College,536.0,Morningside College,,253,lv,lv-d,Live Phone,U.S. President,1/17/20,1/23/20,,False,,False,False,2020-01-29 06:14:00,,https://www.morningside.edu/assets/uploads/campus_life_and_arts_student_life/civic_engagement/2020-Morningside-Poll_Summary-of-Results.pdf,primary,DEM,Bloomberg,13289,Michael Bloomberg,1.0,5,2020-01-29 06:14:00,1.0,Bloomberg
116268,63384,2020,Iowa,1527,Morningside College,,,Morningside College,536.0,Morningside College,,253,lv,lv-d,Live Phone,U.S. President,1/17/20,1/23/20,,False,,False,False,2020-01-29 06:14:00,,https://www.morningside.edu/assets/uploads/campus_life_and_arts_student_life/civic_engagement/2020-Morningside-Poll_Summary-of-Results.pdf,primary,DEM,Buttigieg,13345,Pete Buttigieg,18.0,5,2020-01-29 06:14:00,1.0,Buttigieg
116268,63384,2020,Iowa,1527,Morningside College,,,Morningside College,536.0,Morningside College,,253,lv,lv-d,Live Phone,U.S. President,1/17/20,1/23/20,,False,,False,False,2020-01-29 06:14:00,,https://www.morningside.edu/assets/uploads/campus_life_and_arts_student_life/civic_engagement/2020-Morningside-Poll_Summary-of-Results.pdf,primary,DEM,Delaney,13314,John K. Delaney,1.0,5,2020-01-29 06:14:00,1.0,Delaney
116268,63384,2020,Iowa,1527,Morningside College,,,Morningside College,536.0,Morningside College,,253,lv,lv-d,Live Phone,U.S. President,1/17/20,1/23/20,,False,,False,False,2020-01-29 06:14:00,,https://www.morningside.edu/assets/uploads/campus_life_and_arts_student_life/civic_engagement/2020-Morningside-Poll_Summary-of-Results.pdf,primary,DEM,Gabbard,13343,Tulsi Gabbard,3.0,5,2020-01-29 06:14:00,1.0,Gabbard
116268,63384,2020,Iowa,1527,Morningside College,,,Morningside College,536.0,Morningside College,,253,lv,lv-d,Live Phone,U.S. President,1/17/20,1/23/20,,False,,False,False,2020-01-29 06:14:00,,https://www.morningside.edu/assets/uploads/campus_life_and_arts_student_life/civic_engagement/2020-Morningside-Poll_Summary-of-Results.pdf,primary,DEM,Klobuchar,13310,Amy Klobuchar,12.0,5,2020-01-29 06:14:00,1.0,Klobuchar
116268,63384,2020,Iowa,1527,Morningside College,,,Morningside College,536.0,Morningside College,,253,lv,lv-d,Live Phone,U.S. President,1/17/20,1/23/20,,False,,False,False,2020-01-29 06:14:00,,https://www.morningside.edu/assets/uploads/campus_life_and_arts_student_life/civic_engagement/2020-Morningside-Poll_Summary-of-Results.pdf,primary,DEM,Patrick,13315,Deval Patrick,0.0,5,2020-01-29 06:14:00,1.0,Patrick
116268,63384,2020,Iowa,1527,Morningside College,,,Morningside College,536.0,Morningside College,,253,lv,lv-d,Live Phone,U.S. President,1/17/20,1/23/20,,False,,False,False,2020-01-29 06:14:00,,https://www.morningside.edu/assets/uploads/campus_life_and_arts_student_life/civic_engagement/2020-Morningside-Poll_Summary-of-Results.pdf,primary,DEM,Sanders,13257,Bernard Sanders,15.0,5,2020-01-29 06:14:00,1.0,Sanders
116268,63384,2020,Iowa,1527,Morningside College,,,Morningside College,536.0,Morningside College,,253,lv,lv-d,Live Phone,U.S. President,1/17/20,1/23/20,,False,,False,False,2020-01-29 06:14:00,,https://www.morningside.edu/assets/uploads/campus_life_and_arts_student_life/civic_engagement/2020-Morningside-Poll_Summary-of-Results.pdf,primary,DEM,Steyer,13327,Tom Steyer,6.0,5,2020-01-29 06:14:00,1.0,Steyer
116268,63384,2020,Iowa,1527,Morningside College,,,Morningside College,536.0,Morningside College,,253,lv,lv-d,Live Phone,U.S. President,1/17/20,1/23/20,,False,,False,False,2020-01-29 06:14:00,,https://www.morningside.edu/assets/uploads/campus_life_and_arts_student_life/civic_engagement/2020-Morningside-Poll_Summary-of-Results.pdf,primary,DEM,Warren,13258,Elizabeth Warren,15.0,5,2020-01-29 06:14:00,1.0,Warren
116268,63384,2020,Iowa,1527,Morningside College,,,Morningside College,536.0,Morningside College,,253,lv,lv-d,Live Phone,U.S. President,1/17/20,1/23/20,,False,,False,False,2020-01-29 06:14:00,,https://www.morningside.edu/assets/uploads/campus_life_and_arts_student_life/civic_engagement/2020-Morningside-Poll_Summary-of-Results.pdf,primary,DEM,Yang,13329,Andrew Yang,4.0,5,2020-01-29 06:14:00,1.0,Yang
116148,63352,2020,Iowa,568,YouGov,133,CBS News,YouGov,391.0,YouGov,B-,1356,lv,lv-d,Online,U.S. President,1/16/20,1/23/20,,False,,False,False,2020-01-26 10:34:00,,https://drive.google.com/file/d/1TZ_phVL1vfC0P9b_RDH9ymdLRnk0lrrJ/view,primary,DEM,Sanders,13257,Bernard Sanders,26.0,8,2020-01-26 10:34:00,1.0,Sanders
116148,63352,2020,Iowa,568,YouGov,133,CBS News,YouGov,391.0,YouGov,B-,1356,lv,lv-d,Online,U.S. President,1/16/20,1/23/20,,False,,False,False,2020-01-26 10:34:00,,https://drive.google.com/file/d/1TZ_phVL1vfC0P9b_RDH9ymdLRnk0lrrJ/view,primary,DEM,Biden,13256,Joseph R. Biden Jr.,25.0,8,2020-01-26 10:34:00,1.0,Biden
116148,63352,2020,Iowa,568,YouGov,133,CBS News,YouGov,391.0,YouGov,B-,1356,lv,lv-d,Online,U.S. President,1/16/20,1/23/20,,False,,False,False,2020-01-26 10:34:00,,https://drive.google.com/file/d/1TZ_phVL1vfC0P9b_RDH9ymdLRnk0lrrJ/view,primary,DEM,Buttigieg,13345,Pete Buttigieg,22.0,8,2020-01-26 10:34:00,1.0,Buttigieg
116148,63352,2020,Iowa,568,YouGov,133,CBS News,YouGov,391.0,YouGov,B-,1356,lv,lv-d,Online,U.S. President,1/16/20,1/23/20,,False,,False,False,2020-01-26 10:34:00,,https://drive.google.com/file/d/1TZ_phVL1vfC0P9b_RDH9ymdLRnk0lrrJ/view,primary,DEM,Warren,13258,Elizabeth Warren,15.0,8,2020-01-26 10:34:00,1.0,Warren
116148,63352,2020,Iowa,568,YouGov,133,CBS News,YouGov,391.0,YouGov,B-,1356,lv,lv-d,Online,U.S. President,1/16/20,1/23/20,,False,,False,False,2020-01-26 10:34:00,,https://drive.google.com/file/d/1TZ_phVL1vfC0P9b_RDH9ymdLRnk0lrrJ/view,primary,DEM,Klobuchar,13310,Amy Klobuchar,7.0,8,2020-01-26 10:34:00,1.0,Klobuchar
116148,63352,2020,Iowa,568,YouGov,133,CBS News,YouGov,391.0,YouGov,B-,1356,lv,lv-d,Online,U.S. President,1/16/20,1/23/20,,False,,False,False,2020-01-26 10:34:00,,https://drive.google.com/file/d/1TZ_phVL1vfC0P9b_RDH9ymdLRnk0lrrJ/view,primary,DEM,Steyer,13327,Tom Steyer,1.0,8,2020-01-26 10:34:00,1.0,Steyer
116148,63352,2020,Iowa,568,YouGov,133,CBS News,YouGov,391.0,YouGov,B-,1356,lv,lv-d,Online,U.S. President,1/16/20,1/23/20,,False,,False,False,2020-01-26 10:34:00,,https://drive.google.com/file/d/1TZ_phVL1vfC0P9b_RDH9ymdLRnk0lrrJ/view,primary,DEM,Yang,13329,Andrew Yang,1.0,8,2020-01-26 10:34:00,1.0,Yang
116148,63352,2020,Iowa,568,YouGov,133,CBS News,YouGov,391.0,YouGov,B-,1356,lv,lv-d,Online,U.S. President,1/16/20,1/23/20,,False,,False,False,2020-01-26 10:34:00,,https://drive.google.com/file/d/1TZ_phVL1vfC0P9b_RDH9ymdLRnk0lrrJ/view,primary,DEM,Delaney,13314,John K. Delaney,1.0,8,2020-01-26 10:34:00,1.0,Delaney
116148,63352,2020,Iowa,568,YouGov,133,CBS News,YouGov,391.0,YouGov,B-,1356,lv,lv-d,Online,U.S. President,1/16/20,1/23/20,,False,,False,False,2020-01-26 10:34:00,,https://drive.google.com/file/d/1TZ_phVL1vfC0P9b_RDH9ymdLRnk0lrrJ/view,primary,DEM,Bennet,13352,Michael F. Bennet,0.0,8,2020-01-26 10:34:00,1.0,Bennet
116148,63352,2020,Iowa,568,YouGov,133,CBS News,YouGov,391.0,YouGov,B-,1356,lv,lv-d,Online,U.S. President,1/16/20,1/23/20,,False,,False,False,2020-01-26 10:34:00,,https://drive.google.com/file/d/1TZ_phVL1vfC0P9b_RDH9ymdLRnk0lrrJ/view,primary,DEM,Gabbard,13343,Tulsi Gabbard,0.0,8,2020-01-26 10:34:00,1.0,Gabbard
116148,63352,2020,Iowa,568,YouGov,133,CBS News,YouGov,391.0,YouGov,B-,1356,lv,lv-d,Online,U.S. President,1/16/20,1/23/20,,False,,False,False,2020-01-26 10:34:00,,https://drive.google.com/file/d/1TZ_phVL1vfC0P9b_RDH9ymdLRnk0lrrJ/view,primary,DEM,Patrick,13315,Deval Patrick,0.0,8,2020-01-26 10:34:00,1.0,Patrick
115877,63297,2020,Iowa,627,Neighborhood Research and Media,,,Neighborhood Research and Media,227.0,Neighborhood Research and Media,B/C,300,lv,lv-d,Live Phone,U.S. President,1/14/20,1/17/20,,False,,False,False,2020-01-19 08:39:00,open-ended question,https://www.scribd.com/document/443446801/Iowa-Caucus-Memo-011920,primary,DEM,Biden,13256,Joseph R. Biden Jr.,23.3,15,2020-01-19 08:39:00,1.0,Biden
115877,63297,2020,Iowa,627,Neighborhood Research and Media,,,Neighborhood Research and Media,227.0,Neighborhood Research and Media,B/C,300,lv,lv-d,Live Phone,U.S. President,1/14/20,1/17/20,,False,,False,False,2020-01-19 08:39:00,open-ended question,https://www.scribd.com/document/443446801/Iowa-Caucus-Memo-011920,primary,DEM,Buttigieg,13345,Pete Buttigieg,17.0,15,2020-01-19 08:39:00,1.0,Buttigieg
115877,63297,2020,Iowa,627,Neighborhood Research and Media,,,Neighborhood Research and Media,227.0,Neighborhood Research and Media,B/C,300,lv,lv-d,Live Phone,U.S. President,1/14/20,1/17/20,,False,,False,False,2020-01-19 08:39:00,open-ended question,https://www.scribd.com/document/443446801/Iowa-Caucus-Memo-011920,primary,DEM,Warren,13258,Elizabeth Warren,14.7,15,2020-01-19 08:39:00,1.0,Warren
115877,63297,2020,Iowa,627,Neighborhood Research and Media,,,Neighborhood Research and Media,227.0,Neighborhood Research and Media,B/C,300,lv,lv-d,Live Phone,U.S. President,1/14/20,1/17/20,,False,,False,False,2020-01-19 08:39:00,open-ended question,https://www.scribd.com/document/443446801/Iowa-Caucus-Memo-011920,primary,DEM,Klobuchar,13310,Amy Klobuchar,11.3,15,2020-01-19 08:39:00,1.0,Klobuchar
115877,63297,2020,Iowa,627,Neighborhood Research and Media,,,Neighborhood Research and Media,227.0,Neighborhood Research and Media,B/C,300,lv,lv-d,Live Phone,U.S. President,1/14/20,1/17/20,,False,,False,False,2020-01-19 08:39:00,open-ended question,https://www.scribd.com/document/443446801/Iowa-Caucus-Memo-011920,primary,DEM,Sanders,13257,Bernard Sanders,10.3,15,2020-01-19 08:39:00,1.0,Sanders
115877,63297,2020,Iowa,627,Neighborhood Research and Media,,,Neighborhood Research and Media,227.0,Neighborhood Research and Media,B/C,300,lv,lv-d,Live Phone,U.S. President,1/14/20,1/17/20,,False,,False,False,2020-01-19 08:39:00,open-ended question,https://www.scribd.com/document/443446801/Iowa-Caucus-Memo-011920,primary,DEM,Steyer,13327,Tom Steyer,2.3,15,2020-01-19 08:39:00,1.0,Steyer
115877,63297,2020,Iowa,627,Neighborhood Research and Media,,,Neighborhood Research and Media,227.0,Neighborhood Research and Media,B/C,300,lv,lv-d,Live Phone,U.S. President,1/14/20,1/17/20,,False,,False,False,2020-01-19 08:39:00,open-ended question,https://www.scribd.com/document/443446801/Iowa-Caucus-Memo-011920,primary,DEM,Yang,13329,Andrew Yang,1.7,15,2020-01-19 08:39:00,1.0,Yang
115877,63297,2020,Iowa,627,Neighborhood Research and Media,,,Neighborhood Research and Media,227.0,Neighborhood Research and Media,B/C,300,lv,lv-d,Live Phone,U.S. President,1/14/20,1/17/20,,False,,False,False,2020-01-19 08:39:00,open-ended question,https://www.scribd.com/document/443446801/Iowa-Caucus-Memo-011920,primary,DEM,Trump,13254,Donald Trump,4.7,15,2020-01-19 08:39:00,1.0,Other
115594,63251,2020,Iowa,437,Selzer & Co.,"52,143",Des Moines Register | CNN,Selzer & Co.,304.0,Selzer & Co.,A+,701,lv,lv-d,Live Phone,U.S. President,1/2/20,1/8/20,,False,,False,False,2020-01-10 18:03:00,,https://cdn.cnn.com/cnn/2020/images/01/10/rel1_ia.-.democrats.pdf,primary,DEM,Sanders,13257,Bernard Sanders,20.0,24,2020-01-10 18:03:00,1.0,Sanders
115594,63251,2020,Iowa,437,Selzer & Co.,"52,143",Des Moines Register | CNN,Selzer & Co.,304.0,Selzer & Co.,A+,701,lv,lv-d,Live Phone,U.S. President,1/2/20,1/8/20,,False,,False,False,2020-01-10 18:03:00,,https://cdn.cnn.com/cnn/2020/images/01/10/rel1_ia.-.democrats.pdf,primary,DEM,Warren,13258,Elizabeth Warren,17.0,24,2020-01-10 18:03:00,1.0,Warren
115594,63251,2020,Iowa,437,Selzer & Co.,"52,143",Des Moines Register | CNN,Selzer & Co.,304.0,Selzer & Co.,A+,701,lv,lv-d,Live Phone,U.S. President,1/2/20,1/8/20,,False,,False,False,2020-01-10 18:03:00,,https://cdn.cnn.com/cnn/2020/images/01/10/rel1_ia.-.democrats.pdf,primary,DEM,Buttigieg,13345,Pete Buttigieg,16.0,24,2020-01-10 18:03:00,1.0,Buttigieg
115594,63251,2020,Iowa,437,Selzer & Co.,"52,143",Des Moines Register | CNN,Selzer & Co.,304.0,Selzer & Co.,A+,701,lv,lv-d,Live Phone,U.S. President,1/2/20,1/8/20,,False,,False,False,2020-01-10 18:03:00,,https://cdn.cnn.com/cnn/2020/images/01/10/rel1_ia.-.democrats.pdf,primary,DEM,Biden,13256,Joseph R. Biden Jr.,15.0,24,2020-01-10 18:03:00,1.0,Biden
115594,63251,2020,Iowa,437,Selzer & Co.,"52,143",Des Moines Register | CNN,Selzer & Co.,304.0,Selzer & Co.,A+,701,lv,lv-d,Live Phone,U.S. President,1/2/20,1/8/20,,False,,False,False,2020-01-10 18:03:00,,https://cdn.cnn.com/cnn/2020/images/01/10/rel1_ia.-.democrats.pdf,primary,DEM,Klobuchar,13310,Amy Klobuchar,6.0,24,2020-01-10 18:03:00,1.0,Klobuchar
115594,63251,2020,Iowa,437,Selzer & Co.,"52,143",Des Moines Register | CNN,Selzer & Co.,304.0,Selzer & Co.,A+,701,lv,lv-d,Live Phone,U.S. President,1/2/20,1/8/20,,False,,False,False,2020-01-10 18:03:00,,https://cdn.cnn.com/cnn/2020/images/01/10/rel1_ia.-.democrats.pdf,primary,DEM,Yang,13329,Andrew Yang,5.0,24,2020-01-10 18:03:00,1.0,Yang
115594,63251,2020,Iowa,437,Selzer & Co.,"52,143",Des Moines Register | CNN,Selzer & Co.,304.0,Selzer & Co.,A+,701,lv,lv-d,Live Phone,U.S. President,1/2/20,1/8/20,,False,,False,False,2020-01-10 18:03:00,,https://cdn.cnn.com/cnn/2020/images/01/10/rel1_ia.-.democrats.pdf,primary,DEM,Booker,13287,Cory A. Booker,3.0,24,2020-01-10 18:03:00,1.0,Other
115594,63251,2020,Iowa,437,Selzer & Co.,"52,143",Des Moines Register | CNN,Selzer & Co.,304.0,Selzer & Co.,A+,701,lv,lv-d,Live Phone,U.S. President,1/2/20,1/8/20,,False,,False,False,2020-01-10 18:03:00,,https://cdn.cnn.com/cnn/2020/images/01/10/rel1_ia.-.democrats.pdf,primary,DEM,Gabbard,13343,Tulsi Gabbard,2.0,24,2020-01-10 18:03:00,1.0,Gabbard
115594,63251,2020,Iowa,437,Selzer & Co.,"52,143",Des Moines Register | CNN,Selzer & Co.,304.0,Selzer & Co.,A+,701,lv,lv-d,Live Phone,U.S. President,1/2/20,1/8/20,,False,,False,False,2020-01-10 18:03:00,,https://cdn.cnn.com/cnn/2020/images/01/10/rel1_ia.-.democrats.pdf,primary,DEM,Steyer,13327,Tom Steyer,2.0,24,2020-01-10 18:03:00,1.0,Steyer
115594,63251,2020,Iowa,437,Selzer & Co.,"52,143",Des Moines Register | CNN,Selzer & Co.,304.0,Selzer & Co.,A+,701,lv,lv-d,Live Phone,U.S. President,1/2/20,1/8/20,,False,,False,False,2020-01-10 18:03:00,,https://cdn.cnn.com/cnn/2020/images/01/10/rel1_ia.-.democrats.pdf,primary,DEM,Bloomberg,13289,Michael Bloomberg,1.0,24,2020-01-10 18:03:00,1.0,Bloomberg
115594,63251,2020,Iowa,437,Selzer & Co.,"52,143",Des Moines Register | CNN,Selzer & Co.,304.0,Selzer & Co.,A+,701,lv,lv-d,Live Phone,U.S. President,1/2/20,1/8/20,,False,,False,False,2020-01-10 18:03:00,,https://cdn.cnn.com/cnn/2020/images/01/10/rel1_ia.-.democrats.pdf,primary,DEM,Bennet,13352,Michael F. Bennet,0.0,24,2020-01-10 18:03:00,1.0,Bennet
115594,63251,2020,Iowa,437,Selzer & Co.,"52,143",Des Moines Register | CNN,Selzer & Co.,304.0,Selzer & Co.,A+,701,lv,lv-d,Live Phone,U.S. President,1/2/20,1/8/20,,False,,False,False,2020-01-10 18:03:00,,https://cdn.cnn.com/cnn/2020/images/01/10/rel1_ia.-.democrats.pdf,primary,DEM,Delaney,13314,John K. Delaney,0.0,24,2020-01-10 18:03:00,1.0,Delaney
115594,63251,2020,Iowa,437,Selzer & Co.,"52,143",Des Moines Register | CNN,Selzer & Co.,304.0,Selzer & Co.,A+,701,lv,lv-d,Live Phone,U.S. President,1/2/20,1/8/20,,False,,False,False,2020-01-10 18:03:00,,https://cdn.cnn.com/cnn/2020/images/01/10/rel1_ia.-.democrats.pdf,primary,DEM,Patrick,13315,Deval Patrick,0.0,24,2020-01-10 18:03:00,1.0,Patrick
115594,63251,2020,Iowa,437,Selzer & Co.,"52,143",Des Moines Register | CNN,Selzer & Co.,304.0,Selzer & Co.,A+,701,lv,lv-d,Live Phone,U.S. President,1/2/20,1/8/20,,False,,False,False,2020-01-10 18:03:00,,https://cdn.cnn.com/cnn/2020/images/01/10/rel1_ia.-.democrats.pdf,primary,DEM,Williamson,13350,Marianne Williamson,0.0,24,2020-01-10 18:03:00,1.0,Other
112918,62606,2020,Iowa,501,University of Iowa,,,University of Iowa,353.0,University of Iowa,B/C,465,lv,lv-d,Live Phone,U.S. President,10/28/19,11/10/19,,False,,False,False,2019-11-12 19:36:00,,https://clas.uiowa.edu/polisci/sites/clas.uiowa.edu.polisci/files/Hawkeye%20Poll%20(Nov%202019)%20-%20Iowa%20Democratic%20Caucuses%20-%20topline.pdf,primary,DEM,Klobuchar,13310,Amy Klobuchar,1.3,83,2019-11-12 19:36:00,1.0,Klobuchar
112918,62606,2020,Iowa,501,University of Iowa,,,University of Iowa,353.0,University of Iowa,B/C,465,lv,lv-d,Live Phone,U.S. President,10/28/19,11/10/19,,False,,False,False,2019-11-12 19:36:00,,https://clas.uiowa.edu/polisci/sites/clas.uiowa.edu.polisci/files/Hawkeye%20Poll%20(Nov%202019)%20-%20Iowa%20Democratic%20Caucuses%20-%20topline.pdf,primary,DEM,Yang,13329,Andrew Yang,3.4,83,2019-11-12 19:36:00,1.0,Yang
112918,62606,2020,Iowa,501,University of Iowa,,,University of Iowa,353.0,University of Iowa,B/C,465,lv,lv-d,Live Phone,U.S. President,10/28/19,11/10/19,,False,,False,False,2019-11-12 19:36:00,,https://clas.uiowa.edu/polisci/sites/clas.uiowa.edu.polisci/files/Hawkeye%20Poll%20(Nov%202019)%20-%20Iowa%20Democratic%20Caucuses%20-%20topline.pdf,primary,DEM,Sanders,13257,Bernard Sanders,18.1,83,2019-11-12 19:36:00,1.0,Sanders
112918,62606,2020,Iowa,501,University of Iowa,,,University of Iowa,353.0,University of Iowa,B/C,465,lv,lv-d,Live Phone,U.S. President,10/28/19,11/10/19,,False,,False,False,2019-11-12 19:36:00,,https://clas.uiowa.edu/polisci/sites/clas.uiowa.edu.polisci/files/Hawkeye%20Poll%20(Nov%202019)%20-%20Iowa%20Democratic%20Caucuses%20-%20topline.pdf,primary,DEM,O'Rourke,13276,Beto O'Rourke,0.2,83,2019-11-12 19:36:00,1.0,Other
112918,62606,2020,Iowa,501,University of Iowa,,,University of Iowa,353.0,University of Iowa,B/C,465,lv,lv-d,Live Phone,U.S. President,10/28/19,11/10/19,,False,,False,False,2019-11-12 19:36:00,,https://clas.uiowa.edu/polisci/sites/clas.uiowa.edu.polisci/files/Hawkeye%20Poll%20(Nov%202019)%20-%20Iowa%20Democratic%20Caucuses%20-%20topline.pdf,primary,DEM,Booker,13287,Cory A. Booker,0.4,83,2019-11-12 19:36:00,1.0,Other
112918,62606,2020,Iowa,501,University of Iowa,,,University of Iowa,353.0,University of Iowa,B/C,465,lv,lv-d,Live Phone,U.S. President,10/28/19,11/10/19,,False,,False,False,2019-11-12 19:36:00,,https://clas.uiowa.edu/polisci/sites/clas.uiowa.edu.polisci/files/Hawkeye%20Poll%20(Nov%202019)%20-%20Iowa%20Democratic%20Caucuses%20-%20topline.pdf,primary,DEM,Warren,13258,Elizabeth Warren,23.1,83,2019-11-12 19:36:00,1.0,Warren
112918,62606,2020,Iowa,501,University of Iowa,,,University of Iowa,353.0,University of Iowa,B/C,465,lv,lv-d,Live Phone,U.S. President,10/28/19,11/10/19,,False,,False,False,2019-11-12 19:36:00,,https://clas.uiowa.edu/polisci/sites/clas.uiowa.edu.polisci/files/Hawkeye%20Poll%20(Nov%202019)%20-%20Iowa%20Democratic%20Caucuses%20-%20topline.pdf,primary,DEM,Biden,13256,Joseph R. Biden Jr.,15.3,83,2019-11-12 19:36:00,1.0,Biden
112918,62606,2020,Iowa,501,University of Iowa,,,University of Iowa,353.0,University of Iowa,B/C,465,lv,lv-d,Live Phone,U.S. President,10/28/19,11/10/19,,False,,False,False,2019-11-12 19:36:00,,https://clas.uiowa.edu/polisci/sites/clas.uiowa.edu.polisci/files/Hawkeye%20Poll%20(Nov%202019)%20-%20Iowa%20Democratic%20Caucuses%20-%20topline.pdf,primary,DEM,Delaney,13314,John K. Delaney,0.1,83,2019-11-12 19:36:00,1.0,Delaney
112918,62606,2020,Iowa,501,University of Iowa,,,University of Iowa,353.0,University of Iowa,B/C,465,lv,lv-d,Live Phone,U.S. President,10/28/19,11/10/19,,False,,False,False,2019-11-12 19:36:00,,https://clas.uiowa.edu/polisci/sites/clas.uiowa.edu.polisci/files/Hawkeye%20Poll%20(Nov%202019)%20-%20Iowa%20Democratic%20Caucuses%20-%20topline.pdf,primary,DEM,Castro,13316,Julián Castro,1.2,83,2019-11-12 19:36:00,1.0,Other
112918,62606,2020,Iowa,501,University of Iowa,,,University of Iowa,353.0,University of Iowa,B/C,465,lv,lv-d,Live Phone,U.S. President,10/28/19,11/10/19,,False,,False,False,2019-11-12 19:36:00,,https://clas.uiowa.edu/polisci/sites/clas.uiowa.edu.polisci/files/Hawkeye%20Poll%20(Nov%202019)%20-%20Iowa%20Democratic%20Caucuses%20-%20topline.pdf,primary,DEM,Harris,13288,Kamala D. Harris,2.4,83,2019-11-12 19:36:00,1.0,Other
112918,62606,2020,Iowa,501,University of Iowa,,,University of Iowa,353.0,University of Iowa,B/C,465,lv,lv-d,Live Phone,U.S. President,10/28/19,11/10/19,,False,,False,False,2019-11-12 19:36:00,,https://clas.uiowa.edu/polisci/sites/clas.uiowa.edu.polisci/files/Hawkeye%20Poll%20(Nov%202019)%20-%20Iowa%20Democratic%20Caucuses%20-%20topline.pdf,primary,DEM,Bennet,13352,Michael F. Bennet,0.1,83,2019-11-12 19:36:00,1.0,Bennet
112918,62606,2020,Iowa,501,University of Iowa,,,University of Iowa,353.0,University of Iowa,B/C,465,lv,lv-d,Live Phone,U.S. President,10/28/19,11/10/19,,False,,False,False,2019-11-12 19:36:00,,https://clas.uiowa.edu/polisci/sites/clas.uiowa.edu.polisci/files/Hawkeye%20Poll%20(Nov%202019)%20-%20Iowa%20Democratic%20Caucuses%20-%20topline.pdf,primary,DEM,Buttigieg,13345,Pete Buttigieg,15.5,83,2019-11-12 19:36:00,1.0,Buttigieg
112918,62606,2020,Iowa,501,University of Iowa,,,University of Iowa,353.0,University of Iowa,B/C,465,lv,lv-d,Live Phone,U.S. President,10/28/19,11/10/19,,False,,False,False,2019-11-12 19:36:00,,https://clas.uiowa.edu/polisci/sites/clas.uiowa.edu.polisci/files/Hawkeye%20Poll%20(Nov%202019)%20-%20Iowa%20Democratic%20Caucuses%20-%20topline.pdf,primary,DEM,Bullock,13320,Steve Bullock,0.1,83,2019-11-12 19:36:00,1.0,Other
112918,62606,2020,Iowa,501,University of Iowa,,,University of Iowa,353.0,University of Iowa,B/C,465,lv,lv-d,Live Phone,U.S. President,10/28/19,11/10/19,,False,,False,False,2019-11-12 19:36:00,,https://clas.uiowa.edu/polisci/sites/clas.uiowa.edu.polisci/files/Hawkeye%20Poll%20(Nov%202019)%20-%20Iowa%20Democratic%20Caucuses%20-%20topline.pdf,primary,DEM,Ryan,13358,Tim Ryan,0.0,83,2019-11-12 19:36:00,1.0,Other
112918,62606,2020,Iowa,501,University of Iowa,,,University of Iowa,353.0,University of Iowa,B/C,465,lv,lv-d,Live Phone,U.S. President,10/28/19,11/10/19,,False,,False,False,2019-11-12 19:36:00,,https://clas.uiowa.edu/polisci/sites/clas.uiowa.edu.polisci/files/Hawkeye%20Poll%20(Nov%202019)%20-%20Iowa%20Democratic%20Caucuses%20-%20topline.pdf,primary,DEM,Steyer,13327,Tom Steyer,2.7,83,2019-11-12 19:36:00,1.0,Steyer
112918,62606,2020,Iowa,501,University of Iowa,,,University of Iowa,353.0,University of Iowa,B/C,465,lv,lv-d,Live Phone,U.S. President,10/28/19,11/10/19,,False,,False,False,2019-11-12 19:36:00,,https://clas.uiowa.edu/polisci/sites/clas.uiowa.edu.polisci/files/Hawkeye%20Poll%20(Nov%202019)%20-%20Iowa%20Democratic%20Caucuses%20-%20topline.pdf,primary,DEM,Gabbard,13343,Tulsi Gabbard,3.1,83,2019-11-12 19:36:00,1.0,Gabbard
113071,62632,2020,Iowa,383,Public Policy Polling,681,End Citizens United,Public Policy Polling,263.0,Public Policy Polling,B,715,lv,lv-d,IVR/Text,U.S. President,11/5/19,11/6/19,,False,DEM,False,False,2019-11-15 13:56:00,,https://endcitizensunited.org/wp-content/uploads/2019/11/IowaPoll.pdf,primary,DEM,Biden,13256,Joseph R. Biden Jr.,13.0,80,2019-11-15 13:56:00,1.0,Biden
113071,62632,2020,Iowa,383,Public Policy Polling,681,End Citizens United,Public Policy Polling,263.0,Public Policy Polling,B,715,lv,lv-d,IVR/Text,U.S. President,11/5/19,11/6/19,,False,DEM,False,False,2019-11-15 13:56:00,,https://endcitizensunited.org/wp-content/uploads/2019/11/IowaPoll.pdf,primary,DEM,Booker,13287,Cory A. Booker,1.0,80,2019-11-15 13:56:00,1.0,Other
113071,62632,2020,Iowa,383,Public Policy Polling,681,End Citizens United,Public Policy Polling,263.0,Public Policy Polling,B,715,lv,lv-d,IVR/Text,U.S. President,11/5/19,11/6/19,,False,DEM,False,False,2019-11-15 13:56:00,,https://endcitizensunited.org/wp-content/uploads/2019/11/IowaPoll.pdf,primary,DEM,Buttigieg,13345,Pete Buttigieg,20.0,80,2019-11-15 13:56:00,1.0,Buttigieg
113071,62632,2020,Iowa,383,Public Policy Polling,681,End Citizens United,Public Policy Polling,263.0,Public Policy Polling,B,715,lv,lv-d,IVR/Text,U.S. President,11/5/19,11/6/19,,False,DEM,False,False,2019-11-15 13:56:00,,https://endcitizensunited.org/wp-content/uploads/2019/11/IowaPoll.pdf,primary,DEM,Harris,13288,Kamala D. Harris,3.0,80,2019-11-15 13:56:00,1.0,Other
113071,62632,2020,Iowa,383,Public Policy Polling,681,End Citizens United,Public Policy Polling,263.0,Public Policy Polling,B,715,lv,lv-d,IVR/Text,U.S. President,11/5/19,11/6/19,,False,DEM,False,False,2019-11-15 13:56:00,,https://endcitizensunited.org/wp-content/uploads/2019/11/IowaPoll.pdf,primary,DEM,Klobuchar,13310,Amy Klobuchar,9.0,80,2019-11-15 13:56:00,1.0,Klobuchar
113071,62632,2020,Iowa,383,Public Policy Polling,681,End Citizens United,Public Policy Polling,263.0,Public Policy Polling,B,715,lv,lv-d,IVR/Text,U.S. President,11/5/19,11/6/19,,False,DEM,False,False,2019-11-15 13:56:00,,https://endcitizensunited.org/wp-content/uploads/2019/11/IowaPoll.pdf,primary,DEM,Steyer,13327,Tom Steyer,6.0,80,2019-11-15 13:56:00,1.0,Steyer
113071,62632,2020,Iowa,383,Public Policy Polling,681,End Citizens United,Public Policy Polling,263.0,Public Policy Polling,B,715,lv,lv-d,IVR/Text,U.S. President,11/5/19,11/6/19,,False,DEM,False,False,2019-11-15 13:56:00,,https://endcitizensunited.org/wp-content/uploads/2019/11/IowaPoll.pdf,primary,DEM,Sanders,13257,Bernard Sanders,14.0,80,2019-11-15 13:56:00,1.0,Sanders
113071,62632,2020,Iowa,383,Public Policy Polling,681,End Citizens United,Public Policy Polling,263.0,Public Policy Polling,B,715,lv,lv-d,IVR/Text,U.S. President,11/5/19,11/6/19,,False,DEM,False,False,2019-11-15 13:56:00,,https://endcitizensunited.org/wp-content/uploads/2019/11/IowaPoll.pdf,primary,DEM,Warren,13258,Elizabeth Warren,21.0,80,2019-11-15 13:56:00,1.0,Warren
113071,62632,2020,Iowa,383,Public Policy Polling,681,End Citizens United,Public Policy Polling,263.0,Public Policy Polling,B,715,lv,lv-d,IVR/Text,U.S. President,11/5/19,11/6/19,,False,DEM,False,False,2019-11-15 13:56:00,,https://endcitizensunited.org/wp-content/uploads/2019/11/IowaPoll.pdf,primary,DEM,Yang,13329,Andrew Yang,3.0,80,2019-11-15 13:56:00,1.0,Yang
112836,62575,2020,Iowa,396,Quinnipiac University,,,Quinnipiac University,267.0,Quinnipiac University,B+,698,lv,lv-d,Live Phone,U.S. President,10/30/19,11/5/19,,False,,False,False,2019-11-06 15:03:00,,https://poll.qu.edu/iowa/release-detail?ReleaseID=3647,primary,DEM,Biden,13256,Joseph R. Biden Jr.,15.0,89,2019-11-06 15:03:00,1.0,Biden
112836,62575,2020,Iowa,396,Quinnipiac University,,,Quinnipiac University,267.0,Quinnipiac University,B+,698,lv,lv-d,Live Phone,U.S. President,10/30/19,11/5/19,,False,,False,False,2019-11-06 15:03:00,,https://poll.qu.edu/iowa/release-detail?ReleaseID=3647,primary,DEM,Sanders,13257,Bernard Sanders,17.0,89,2019-11-06 15:03:00,1.0,Sanders
112836,62575,2020,Iowa,396,Quinnipiac University,,,Quinnipiac University,267.0,Quinnipiac University,B+,698,lv,lv-d,Live Phone,U.S. President,10/30/19,11/5/19,,False,,False,False,2019-11-06 15:03:00,,https://poll.qu.edu/iowa/release-detail?ReleaseID=3647,primary,DEM,Harris,13288,Kamala D. Harris,4.0,89,2019-11-06 15:03:00,1.0,Other
112836,62575,2020,Iowa,396,Quinnipiac University,,,Quinnipiac University,267.0,Quinnipiac University,B+,698,lv,lv-d,Live Phone,U.S. President,10/30/19,11/5/19,,False,,False,False,2019-11-06 15:03:00,,https://poll.qu.edu/iowa/release-detail?ReleaseID=3647,primary,DEM,Warren,13258,Elizabeth Warren,20.0,89,2019-11-06 15:03:00,1.0,Warren
112836,62575,2020,Iowa,396,Quinnipiac University,,,Quinnipiac University,267.0,Quinnipiac University,B+,698,lv,lv-d,Live Phone,U.S. President,10/30/19,11/5/19,,False,,False,False,2019-11-06 15:03:00,,https://poll.qu.edu/iowa/release-detail?ReleaseID=3647,primary,DEM,Booker,13287,Cory A. Booker,1.0,89,2019-11-06 15:03:00,1.0,Other
112836,62575,2020,Iowa,396,Quinnipiac University,,,Quinnipiac University,267.0,Quinnipiac University,B+,698,lv,lv-d,Live Phone,U.S. President,10/30/19,11/5/19,,False,,False,False,2019-11-06 15:03:00,,https://poll.qu.edu/iowa/release-detail?ReleaseID=3647,primary,DEM,Klobuchar,13310,Amy Klobuchar,5.0,89,2019-11-06 15:03:00,1.0,Klobuchar
112836,62575,2020,Iowa,396,Quinnipiac University,,,Quinnipiac University,267.0,Quinnipiac University,B+,698,lv,lv-d,Live Phone,U.S. President,10/30/19,11/5/19,,False,,False,False,2019-11-06 15:03:00,,https://poll.qu.edu/iowa/release-detail?ReleaseID=3647,primary,DEM,Castro,13316,Julián Castro,1.0,89,2019-11-06 15:03:00,1.0,Other
112836,62575,2020,Iowa,396,Quinnipiac University,,,Quinnipiac University,267.0,Quinnipiac University,B+,698,lv,lv-d,Live Phone,U.S. President,10/30/19,11/5/19,,False,,False,False,2019-11-06 15:03:00,,https://poll.qu.edu/iowa/release-detail?ReleaseID=3647,primary,DEM,Gabbard,13343,Tulsi Gabbard,3.0,89,2019-11-06 15:03:00,1.0,Gabbard
112836,62575,2020,Iowa,396,Quinnipiac University,,,Quinnipiac University,267.0,Quinnipiac University,B+,698,lv,lv-d,Live Phone,U.S. President,10/30/19,11/5/19,,False,,False,False,2019-11-06 15:03:00,,https://poll.qu.edu/iowa/release-detail?ReleaseID=3647,primary,DEM,Delaney,13314,John K. Delaney,0.0,89,2019-11-06 15:03:00,1.0,Delaney
112836,62575,2020,Iowa,396,Quinnipiac University,,,Quinnipiac University,267.0,Quinnipiac University,B+,698,lv,lv-d,Live Phone,U.S. President,10/30/19,11/5/19,,False,,False,False,2019-11-06 15:03:00,,https://poll.qu.edu/iowa/release-detail?ReleaseID=3647,primary,DEM,Buttigieg,13345,Pete Buttigieg,19.0,89,2019-11-06 15:03:00,1.0,Buttigieg
112836,62575,2020,Iowa,396,Quinnipiac University,,,Quinnipiac University,267.0,Quinnipiac University,B+,698,lv,lv-d,Live Phone,U.S. President,10/30/19,11/5/19,,False,,False,False,2019-11-06 15:03:00,,https://poll.qu.edu/iowa/release-detail?ReleaseID=3647,primary,DEM,Yang,13329,Andrew Yang,3.0,89,2019-11-06 15:03:00,1.0,Yang
112836,62575,2020,Iowa,396,Quinnipiac University,,,Quinnipiac University,267.0,Quinnipiac University,B+,698,lv,lv-d,Live Phone,U.S. President,10/30/19,11/5/19,,False,,False,False,2019-11-06 15:03:00,,https://poll.qu.edu/iowa/release-detail?ReleaseID=3647,primary,DEM,Williamson,13350,Marianne Williamson,0.0,89,2019-11-06 15:03:00,1.0,Other
112836,62575,2020,Iowa,396,Quinnipiac University,,,Quinnipiac University,267.0,Quinnipiac University,B+,698,lv,lv-d,Live Phone,U.S. President,10/30/19,11/5/19,,False,,False,False,2019-11-06 15:03:00,,https://poll.qu.edu/iowa/release-detail?ReleaseID=3647,primary,DEM,Messam,13357,Wayne Messam,0.0,89,2019-11-06 15:03:00,1.0,Other
112836,62575,2020,Iowa,396,Quinnipiac University,,,Quinnipiac University,267.0,Quinnipiac University,B+,698,lv,lv-d,Live Phone,U.S. President,10/30/19,11/5/19,,False,,False,False,2019-11-06 15:03:00,,https://poll.qu.edu/iowa/release-detail?ReleaseID=3647,primary,DEM,Bennet,13352,Michael F. Bennet,1.0,89,2019-11-06 15:03:00,1.0,Bennet
112836,62575,2020,Iowa,396,Quinnipiac University,,,Quinnipiac University,267.0,Quinnipiac University,B+,698,lv,lv-d,Live Phone,U.S. President,10/30/19,11/5/19,,False,,False,False,2019-11-06 15:03:00,,https://poll.qu.edu/iowa/release-detail?ReleaseID=3647,primary,DEM,Bullock,13320,Steve Bullock,1.0,89,2019-11-06 15:03:00,1.0,Other
112836,62575,2020,Iowa,396,Quinnipiac University,,,Quinnipiac University,267.0,Quinnipiac University,B+,698,lv,lv-d,Live Phone,U.S. President,10/30/19,11/5/19,,False,,False,False,2019-11-06 15:03:00,,https://poll.qu.edu/iowa/release-detail?ReleaseID=3647,primary,DEM,Sestak,13381,Joe Sestak,0.0,89,2019-11-06 15:03:00,1.0,Other
112836,62575,2020,Iowa,396,Quinnipiac University,,,Quinnipiac University,267.0,Quinnipiac University,B+,698,lv,lv-d,Live Phone,U.S. President,10/30/19,11/5/19,,False,,False,False,2019-11-06 15:03:00,,https://poll.qu.edu/iowa/release-detail?ReleaseID=3647,primary,DEM,Steyer,13327,Tom Steyer,3.0,89,2019-11-06 15:03:00,1.0,Steyer
104324,60055,2020,Iowa,1483,Optimus,,,Firehouse Strategies/Øptimus,245.0,Optimus,C/D,548,lv,lv-d,Live Phone/Text,U.S. President,10/8/19,10/10/19,,False,,False,False,2019-10-14 08:03:00,,https://firehousestrategies.com/analysis/exclusive-survey-big-moves-among-early-state-democrats/,primary,DEM,Warren,13258,Elizabeth Warren,24.6,112,2019-10-14 08:03:00,1.0,Warren
104324,60055,2020,Iowa,1483,Optimus,,,Firehouse Strategies/Øptimus,245.0,Optimus,C/D,548,lv,lv-d,Live Phone/Text,U.S. President,10/8/19,10/10/19,,False,,False,False,2019-10-14 08:03:00,,https://firehousestrategies.com/analysis/exclusive-survey-big-moves-among-early-state-democrats/,primary,DEM,Biden,13256,Joseph R. Biden Jr.,21.5,112,2019-10-14 08:03:00,1.0,Biden
104324,60055,2020,Iowa,1483,Optimus,,,Firehouse Strategies/Øptimus,245.0,Optimus,C/D,548,lv,lv-d,Live Phone/Text,U.S. President,10/8/19,10/10/19,,False,,False,False,2019-10-14 08:03:00,,https://firehousestrategies.com/analysis/exclusive-survey-big-moves-among-early-state-democrats/,primary,DEM,Buttigieg,13345,Pete Buttigieg,16.6,112,2019-10-14 08:03:00,1.0,Buttigieg
104324,60055,2020,Iowa,1483,Optimus,,,Firehouse Strategies/Øptimus,245.0,Optimus,C/D,548,lv,lv-d,Live Phone/Text,U.S. President,10/8/19,10/10/19,,False,,False,False,2019-10-14 08:03:00,,https://firehousestrategies.com/analysis/exclusive-survey-big-moves-among-early-state-democrats/,primary,DEM,Sanders,13257,Bernard Sanders,5.0,112,2019-10-14 08:03:00,1.0,Sanders
104324,60055,2020,Iowa,1483,Optimus,,,Firehouse Strategies/Øptimus,245.0,Optimus,C/D,548,lv,lv-d,Live Phone/Text,U.S. President,10/8/19,10/10/19,,False,,False,False,2019-10-14 08:03:00,,https://firehousestrategies.com/analysis/exclusive-survey-big-moves-among-early-state-democrats/,primary,DEM,Harris,13288,Kamala D. Harris,3.1,112,2019-10-14 08:03:00,1.0,Other
104324,60055,2020,Iowa,1483,Optimus,,,Firehouse Strategies/Øptimus,245.0,Optimus,C/D,548,lv,lv-d,Live Phone/Text,U.S. President,10/8/19,10/10/19,,False,,False,False,2019-10-14 08:03:00,,https://firehousestrategies.com/analysis/exclusive-survey-big-moves-among-early-state-democrats/,primary,DEM,O'Rourke,13276,Beto O'Rourke,1.2,112,2019-10-14 08:03:00,1.0,Other
104324,60055,2020,Iowa,1483,Optimus,,,Firehouse Strategies/Øptimus,245.0,Optimus,C/D,548,lv,lv-d,Live Phone/Text,U.S. President,10/8/19,10/10/19,,False,,False,False,2019-10-14 08:03:00,,https://firehousestrategies.com/analysis/exclusive-survey-big-moves-among-early-state-democrats/,primary,DEM,Booker,13287,Cory A. Booker,1.9,112,2019-10-14 08:03:00,1.0,Other
104324,60055,2020,Iowa,1483,Optimus,,,Firehouse Strategies/Øptimus,245.0,Optimus,C/D,548,lv,lv-d,Live Phone/Text,U.S. President,10/8/19,10/10/19,,False,,False,False,2019-10-14 08:03:00,,https://firehousestrategies.com/analysis/exclusive-survey-big-moves-among-early-state-democrats/,primary,DEM,Yang,13329,Andrew Yang,0.9,112,2019-10-14 08:03:00,1.0,Yang
94175,57922,2020,Iowa,801,Gravis Marketing,,,Gravis Marketing,124.0,Gravis Marketing,C+,590,lv,lv-d,Online/IVR,U.S. President,4/17/19,4/18/19,,False,,False,False,2019-04-22 08:39:00,,http://orlando-politics.com/wp-content/uploads/2019/04/Iowa-April-18-2019-v2.pdf,primary,DEM,Sanders,13257,Bernard Sanders,19.0,287,2019-04-22 08:39:00,1.0,Sanders
94175,57922,2020,Iowa,801,Gravis Marketing,,,Gravis Marketing,124.0,Gravis Marketing,C+,590,lv,lv-d,Online/IVR,U.S. President,4/17/19,4/18/19,,False,,False,False,2019-04-22 08:39:00,,http://orlando-politics.com/wp-content/uploads/2019/04/Iowa-April-18-2019-v2.pdf,primary,DEM,Biden,13256,Joseph R. Biden Jr.,19.0,287,2019-04-22 08:39:00,1.0,Biden
94175,57922,2020,Iowa,801,Gravis Marketing,,,Gravis Marketing,124.0,Gravis Marketing,C+,590,lv,lv-d,Online/IVR,U.S. President,4/17/19,4/18/19,,False,,False,False,2019-04-22 08:39:00,,http://orlando-politics.com/wp-content/uploads/2019/04/Iowa-April-18-2019-v2.pdf,primary,DEM,Buttigieg,13345,Pete Buttigieg,14.0,287,2019-04-22 08:39:00,1.0,Buttigieg
94175,57922,2020,Iowa,801,Gravis Marketing,,,Gravis Marketing,124.0,Gravis Marketing,C+,590,lv,lv-d,Online/IVR,U.S. President,4/17/19,4/18/19,,False,,False,False,2019-04-22 08:39:00,,http://orlando-politics.com/wp-content/uploads/2019/04/Iowa-April-18-2019-v2.pdf,primary,DEM,Harris,13288,Kamala D. Harris,6.0,287,2019-04-22 08:39:00,1.0,Other
94175,57922,2020,Iowa,801,Gravis Marketing,,,Gravis Marketing,124.0,Gravis Marketing,C+,590,lv,lv-d,Online/IVR,U.S. President,4/17/19,4/18/19,,False,,False,False,2019-04-22 08:39:00,,http://orlando-politics.com/wp-content/uploads/2019/04/Iowa-April-18-2019-v2.pdf,primary,DEM,Warren,13258,Elizabeth Warren,6.0,287,2019-04-22 08:39:00,1.0,Warren
94175,57922,2020,Iowa,801,Gravis Marketing,,,Gravis Marketing,124.0,Gravis Marketing,C+,590,lv,lv-d,Online/IVR,U.S. President,4/17/19,4/18/19,,False,,False,False,2019-04-22 08:39:00,,http://orlando-politics.com/wp-content/uploads/2019/04/Iowa-April-18-2019-v2.pdf,primary,DEM,O'Rourke,13276,Beto O'Rourke,5.0,287,2019-04-22 08:39:00,1.0,Other
94175,57922,2020,Iowa,801,Gravis Marketing,,,Gravis Marketing,124.0,Gravis Marketing,C+,590,lv,lv-d,Online/IVR,U.S. President,4/17/19,4/18/19,,False,,False,False,2019-04-22 08:39:00,,http://orlando-politics.com/wp-content/uploads/2019/04/Iowa-April-18-2019-v2.pdf,primary,DEM,Booker,13287,Cory A. Booker,4.0,287,2019-04-22 08:39:00,1.0,Other
94175,57922,2020,Iowa,801,Gravis Marketing,,,Gravis Marketing,124.0,Gravis Marketing,C+,590,lv,lv-d,Online/IVR,U.S. President,4/17/19,4/18/19,,False,,False,False,2019-04-22 08:39:00,,http://orlando-politics.com/wp-content/uploads/2019/04/Iowa-April-18-2019-v2.pdf,primary,DEM,Klobuchar,13310,Amy Klobuchar,4.0,287,2019-04-22 08:39:00,1.0,Klobuchar
94175,57922,2020,Iowa,801,Gravis Marketing,,,Gravis Marketing,124.0,Gravis Marketing,C+,590,lv,lv-d,Online/IVR,U.S. President,4/17/19,4/18/19,,False,,False,False,2019-04-22 08:39:00,,http://orlando-politics.com/wp-content/uploads/2019/04/Iowa-April-18-2019-v2.pdf,primary,DEM,Delaney,13314,John K. Delaney,2.0,287,2019-04-22 08:39:00,1.0,Delaney
94175,57922,2020,Iowa,801,Gravis Marketing,,,Gravis Marketing,124.0,Gravis Marketing,C+,590,lv,lv-d,Online/IVR,U.S. President,4/17/19,4/18/19,,False,,False,False,2019-04-22 08:39:00,,http://orlando-politics.com/wp-content/uploads/2019/04/Iowa-April-18-2019-v2.pdf,primary,DEM,Gabbard,13343,Tulsi Gabbard,1.0,287,2019-04-22 08:39:00,1.0,Gabbard
94175,57922,2020,Iowa,801,Gravis Marketing,,,Gravis Marketing,124.0,Gravis Marketing,C+,590,lv,lv-d,Online/IVR,U.S. President,4/17/19,4/18/19,,False,,False,False,2019-04-22 08:39:00,,http://orlando-politics.com/wp-content/uploads/2019/04/Iowa-April-18-2019-v2.pdf,primary,DEM,Gravel,13359,Mike Gravel,1.0,287,2019-04-22 08:39:00,1.0,Other
94175,57922,2020,Iowa,801,Gravis Marketing,,,Gravis Marketing,124.0,Gravis Marketing,C+,590,lv,lv-d,Online/IVR,U.S. President,4/17/19,4/18/19,,False,,False,False,2019-04-22 08:39:00,,http://orlando-politics.com/wp-content/uploads/2019/04/Iowa-April-18-2019-v2.pdf,primary,DEM,Yang,13329,Andrew Yang,1.0,287,2019-04-22 08:39:00,1.0,Yang
94175,57922,2020,Iowa,801,Gravis Marketing,,,Gravis Marketing,124.0,Gravis Marketing,C+,590,lv,lv-d,Online/IVR,U.S. President,4/17/19,4/18/19,,False,,False,False,2019-04-22 08:39:00,,http://orlando-politics.com/wp-content/uploads/2019/04/Iowa-April-18-2019-v2.pdf,primary,DEM,Hickenlooper,13326,John Hickenlooper,1.0,287,2019-04-22 08:39:00,1.0,Other
94175,57922,2020,Iowa,801,Gravis Marketing,,,Gravis Marketing,124.0,Gravis Marketing,C+,590,lv,lv-d,Online/IVR,U.S. President,4/17/19,4/18/19,,False,,False,False,2019-04-22 08:39:00,,http://orlando-politics.com/wp-content/uploads/2019/04/Iowa-April-18-2019-v2.pdf,primary,DEM,Gillibrand,13311,Kirsten E. Gillibrand,1.0,287,2019-04-22 08:39:00,1.0,Other
94175,57922,2020,Iowa,801,Gravis Marketing,,,Gravis Marketing,124.0,Gravis Marketing,C+,590,lv,lv-d,Online/IVR,U.S. President,4/17/19,4/18/19,,False,,False,False,2019-04-22 08:39:00,,http://orlando-politics.com/wp-content/uploads/2019/04/Iowa-April-18-2019-v2.pdf,primary,DEM,Inslee,13324,Jay Robert Inslee,0.0,287,2019-04-22 08:39:00,1.0,Other
94175,57922,2020,Iowa,801,Gravis Marketing,,,Gravis Marketing,124.0,Gravis Marketing,C+,590,lv,lv-d,Online/IVR,U.S. President,4/17/19,4/18/19,,False,,False,False,2019-04-22 08:39:00,,http://orlando-politics.com/wp-content/uploads/2019/04/Iowa-April-18-2019-v2.pdf,primary,DEM,Castro,13316,Julián Castro,0.0,287,2019-04-22 08:39:00,1.0,Other
